Acropora_digitifera|XP_015764189.1|SIR6-like	Acropora_digitifera
Acropora_digitifera|XP_015764941.1|SIR5-like	Acropora_digitifera
Acropora_digitifera|XP_015779547.1|SIR4-like	Acropora_digitifera
Acropora_millepora|XP_029181270.1|SIR6-like	Acropora_millepora
Acropora_millepora|XP_029189280.1|SIR2-like	Acropora_millepora
Acropora_millepora|XP_029191153.1|SIR5-like	Acropora_millepora
Acropora_millepora|XP_029212880.1|SIR1-like	Acropora_millepora
Acropora_millepora|XP_029213217.1|SIR4-like	Acropora_millepora
Actinia_tenebrosa|XP_031549158.1|SIR1-like	Actinia_tenebrosa
Actinia_tenebrosa|XP_031549214.1|SIR4-like	Actinia_tenebrosa
Actinia_tenebrosa|XP_031555893.1|SIR7-like	Actinia_tenebrosa
Actinia_tenebrosa|XP_031557593.1|SIR3-like	Actinia_tenebrosa
Actinia_tenebrosa|XP_031561543.1|SIR6-like	Actinia_tenebrosa
Actinia_tenebrosa|XP_031565089.1|SIR5-like	Actinia_tenebrosa
Actinia_tenebrosa|XP_031571475.1|SIR2-like	Actinia_tenebrosa
Amphimedon_queenslandica|XP_003382458.1|SIR5-like	Amphimedon_queenslandica
Amphimedon_queenslandica|XP_003383581.1|SIR1-like	Amphimedon_queenslandica
Amphimedon_queenslandica|XP_003385596.1|SIR1-like	Amphimedon_queenslandica
Amphimedon_queenslandica|XP_011403504.2|SIR4-like	Amphimedon_queenslandica
Amphimedon_queenslandica|XP_011404349.2|SIR1-like	Amphimedon_queenslandica
Amphimedon_queenslandica|XP_019851125.1|SIR3-like	Amphimedon_queenslandica
Amphimedon_queenslandica|XP_019851847.1|SIR2-like	Amphimedon_queenslandica
Amphimedon_queenslandica|XP_019864326.1|SIR2-like	Amphimedon_queenslandica
Aurelia_coerulea|XLOC_005945.TCONS_00008273.Seg12214.1.p1|SIR3-like	Aurelia_coerulea
Aurelia_coerulea|XLOC_010146.TCONS_00014081.Seg1390.7.p1|SIR7-like	Aurelia_coerulea
Aurelia_coerulea|XLOC_021960.TCONS_00031013.Seg1882.3.p1|SIR2-like	Aurelia_coerulea
Aurelia_coerulea|XLOC_034300.TCONS_00048726.Seg2682.3.p1|SIR6-like	Aurelia_coerulea
Aurelia_coerulea|XLOC_056249.TCONS_00078879.Seg5523.1.p1|SIR1-like	Aurelia_coerulea
Aurelia_coerulea|XLOC_057165.TCONS_00080094.Seg5705.2.p1|SIR3-like	Aurelia_coerulea
Aurelia_coerulea|XLOC_058163.TCONS_00081428.Seg589.7.p1|SIR1-like	Aurelia_coerulea
Aurelia_coerulea|XLOC_073218.TCONS_00101516.Seg992.8.p1|SIR4-like	Aurelia_coerulea
Caenorhabditis_elegans|D3YT50|SIR2-like	Caenorhabditis_elegans
Caenorhabditis_elegans|Q20480|SIR41-like	Caenorhabditis_elegans
Caenorhabditis_elegans|Q20481|SIR42-like	Caenorhabditis_elegans
Caenorhabditis_elegans|Q95Q89|SIR24-like	Caenorhabditis_elegans
Capsaspora_owczarzaki_ATCC_30864|KJE90862.1|SIR4-like	Capsaspora_owczarzaki_ATCC_30864
Capsaspora_owczarzaki_ATCC_30864|KJE96486.1|SIR1-like	Capsaspora_owczarzaki_ATCC_30864
Capsaspora_owczarzaki_ATCC_30864|XP_004344427.2|SIR7-like	Capsaspora_owczarzaki_ATCC_30864
Capsaspora_owczarzaki_ATCC_30864|XP_004346801.2|SIR1-like	Capsaspora_owczarzaki_ATCC_30864
Capsaspora_owczarzaki_ATCC_30864|XP_004348413.1|SIR2-like	Capsaspora_owczarzaki_ATCC_30864
Clytia_hemisphaerica|TCONS_00017752-protein|SIR4-like	Clytia_hemisphaerica
Clytia_hemisphaerica|TCONS_00023571-protein|SIR1-like	Clytia_hemisphaerica
Clytia_hemisphaerica|TCONS_00029362-protein|SIR2-like	Clytia_hemisphaerica
Clytia_hemisphaerica|TCONS_00045855-protein|SIR1-like	Clytia_hemisphaerica
Clytia_hemisphaerica|TCONS_00056393-protein|SIR6-like	Clytia_hemisphaerica
Daphnia_magna|A0A0P5CJZ6|SIR2-like	Daphnia_magna
Daphnia_magna|A0A162Q0V9|SIR1-like	Daphnia_magna
Daphnia_magna|A0A162SQA7|SIR6-like	Daphnia_magna
Daphnia_magna|A0A164XVS9|SIR5-like	Daphnia_magna
Dendronephthya_gigantea|XP_028392003.1|SIR5-like	Dendronephthya_gigantea
Dendronephthya_gigantea|XP_028398492.1|SIR2-like	Dendronephthya_gigantea
Dendronephthya_gigantea|XP_028400421.1|SIR4-like	Dendronephthya_gigantea
Dendronephthya_gigantea|XP_028408359.1|SIR1-like	Dendronephthya_gigantea
Dendronephthya_gigantea|XP_028412260.1|SIR6-like	Dendronephthya_gigantea
Drosophila_melanogaster|A0A0B4LHF9|SIRT2-like	Drosophila_melanogaster
Drosophila_melanogaster|Q8IRR5|SIR4-like	Drosophila_melanogaster
Drosophila_melanogaster|Q9VAQ1|SIR7-like	Drosophila_melanogaster
Drosophila_melanogaster|Q9VH08|SIR6-like	Drosophila_melanogaster
Drosophila_melanogaster|Q9VK34|SIRT1-like	Drosophila_melanogaster
Ephydatia_muelleri|m.26778_g.26778|SIR4-like	Ephydatia_muelleri
Ephydatia_muelleri|m.286671_g.286671|SIR1-like	Ephydatia_muelleri
Ephydatia_muelleri|m.41112_g.41112|SIR6-like	Ephydatia_muelleri
Ephydatia_muelleri|m.42840_g.42840|SIR5-like	Ephydatia_muelleri
Ephydatia_muelleri|m.44725_g.44725|SIR1-like	Ephydatia_muelleri
Ephydatia_muelleri|m.56358_g.56358|SIR3-like	Ephydatia_muelleri
Ephydatia_muelleri|m.68701_g.68701|SIR1-like	Ephydatia_muelleri
Ephydatia_muelleri|m.97546_g.97546|SIR2-like	Ephydatia_muelleri
Exaiptasia_pallida|KXJ18177.1|SIR4-like	Exaiptasia_pallida
Exaiptasia_pallida|KXJ28768.1|SIR6-like	Exaiptasia_pallida
Exaiptasia_pallida|XP_020892771.1|SIR1-like	Exaiptasia_pallida
Exaiptasia_pallida|XP_020897758.1|SIR5-like	Exaiptasia_pallida
Exaiptasia_pallida|XP_020915333.1|SIR2-like	Exaiptasia_pallida
Fonticula_alba|XP_009493409.1|SIR1-like	Fonticula_alba
Fonticula_alba|XP_009494611.1|HST3-like	Fonticula_alba
Fonticula_alba|XP_009494998.1|SIR2-like	Fonticula_alba
Galerina_marginata|A0A067SC53|SIR5-like	Galerina_marginata
Galerina_marginata|A0A067SMM4|HST1-like	Galerina_marginata
Galerina_marginata|A0A067TC06|SIR4-like	Galerina_marginata
Galerina_marginata|A0A067TI91|HST21-like	Galerina_marginata
Galerina_marginata|A0A067TQF3|HST3-like	Galerina_marginata
Galerina_marginata|A0A067TTX9|SIR5-like	Galerina_marginata
Galerina_marginata|A0A067TWG2|SIR5-like	Galerina_marginata
Haliclona_amboinensis|c17934_g1_i1.m.3025|SIR1-like	Haliclona_amboinensis
Haliclona_amboinensis|c27278_g1_i2.m.5375|SIR1-like	Haliclona_amboinensis
Haliclona_amboinensis|c33180_g1_i1.m.7512|SIR4-like	Haliclona_amboinensis
Haliclona_amboinensis|c45780_g1_i1.m.19520|SIR2-like	Haliclona_amboinensis
Haliclona_amboinensis|c47378_g1_i1.m.22237|SIR3-like	Haliclona_amboinensis
Haliclona_amboinensis|c50309_g1_i11|SIR1-like	Haliclona_amboinensis
Haliclona_tubifera|c17806_g1_i1.m.1263|SIR4-like	Haliclona_tubifera
Haliclona_tubifera|c40065_g1_i1.m.9948|SIR1-like	Haliclona_tubifera
Haliclona_tubifera|c40894_g1_i1.m.10778|SIR1-like	Haliclona_tubifera
Haliclona_tubifera|c42791_g1_i4|SIR2-like	Haliclona_tubifera
Haliclona_tubifera|c47108_g1_i2.m.19397|SIR3-like	Haliclona_tubifera
Haliclona_tubifera|c49726_g5_i2.m.24434|SIR6-like	Haliclona_tubifera
Haliclona_tubifera|c53653_g1_i1.m.34064|SIR1-like	Haliclona_tubifera
Henneguya_salminicola|KAF0992715.1|SIR2-like	Henneguya_salminicola
Homo_sapiens|A0A087WYM3|SIR2-like	Homo_sapiens
Homo_sapiens|E9PK80|SIR3-like	Homo_sapiens
Homo_sapiens|Q8N6T7|SIR6-like	Homo_sapiens
Homo_sapiens|Q96EB6|SIR1-like	Homo_sapiens
Homo_sapiens|Q9NRC8|SIR7-like	Homo_sapiens
Homo_sapiens|Q9NXA8|SIR5-like	Homo_sapiens
Homo_sapiens|Q9Y6E7|SIR4-like	Homo_sapiens
Hydra_vulgaris|XP_002163018.1|SIR4-like	Hydra_vulgaris
Hydra_vulgaris|XP_012555795.1|SIR1-like	Hydra_vulgaris
Leucosolenia_complicata|lcpid102077.lcgid36957|SIRT1-like	Leucosolenia_complicata
Leucosolenia_complicata|lcpid103158.lcgid58614|SIR2-like	Leucosolenia_complicata
Leucosolenia_complicata|lcpid110268.lcgid61006|SIR1-like	Leucosolenia_complicata
Leucosolenia_complicata|lcpid135799.lcgid5960|SIR7-like	Leucosolenia_complicata
Leucosolenia_complicata|lcpid16602.lcgid57329|SIR3-like	Leucosolenia_complicata
Leucosolenia_complicata|lcpid182756.lcgid10070|SIR1-like	Leucosolenia_complicata
Leucosolenia_complicata|lcpid210265.lcgid15436|SIR2-like	Leucosolenia_complicata
Leucosolenia_complicata|lcpid57906.lcgid55101|SIR4-like	Leucosolenia_complicata
Leucosolenia_complicata|lcpid97342.lcgid0751|SIR2D-like	Leucosolenia_complicata
Loxodonta_africana|G3SQ38|SIR4-like	Loxodonta_africana
Loxodonta_africana|G3T049|SIR5-like	Loxodonta_africana
Loxodonta_africana|G3T3F6|SIR1-like	Loxodonta_africana
Loxodonta_africana|G3TPE0|SIR2-like	Loxodonta_africana
Loxodonta_africana|G3U401|SIR3-like	Loxodonta_africana
Loxodonta_africana|G3U699|SIR6-like	Loxodonta_africana
Loxodonta_africana|G3UM26|SIR7-like	Loxodonta_africana
Mnemiopsis_leidyi|ML002614a-PA|SIR6-like	Mnemiopsis_leidyi
Mnemiopsis_leidyi|ML002624a-PA|OSB10-like	Mnemiopsis_leidyi
Mnemiopsis_leidyi|ML074235a-PA|SIR2-like	Mnemiopsis_leidyi
Mnemiopsis_leidyi|ML07823a-PA|SIR1-like	Mnemiopsis_leidyi
Mnemiopsis_leidyi|ML116410a-PA|SIR6-like	Mnemiopsis_leidyi
Mnemiopsis_leidyi|ML145823a-PA|SIR3-like	Mnemiopsis_leidyi
Mnemiopsis_leidyi|ML200240a-PA|SIR1-like	Mnemiopsis_leidyi
Mnemiopsis_leidyi|ML20759a-PA|SIR2-like	Mnemiopsis_leidyi
Mnemiopsis_leidyi|ML41824a-PA|SIR4-like	Mnemiopsis_leidyi
Monosiga_brevicollis_MX1|XP_001742130.1|SIR1-like	Monosiga_brevicollis_MX1
Monosiga_brevicollis_MX1|XP_001744705.1|SIR4-like	Monosiga_brevicollis_MX1
Monosiga_brevicollis_MX1|XP_001746923.1|SIR1-like	Monosiga_brevicollis_MX1
Monosiga_brevicollis_MX1|XP_001749314.1|SIRT2-like	Monosiga_brevicollis_MX1
Monosiga_brevicollis_MX1|XP_001749356.1|SIR7-like	Monosiga_brevicollis_MX1
Mus_musculus|A0A140LHL5|SIR2-like	Mus_musculus
Mus_musculus|A0A1Y7VJY8|SIR5-like	Mus_musculus
Mus_musculus|D3YY89|SIR6-like	Mus_musculus
Mus_musculus|P59941|SIR6-like	Mus_musculus
Mus_musculus|Q3UNI1|SIR1-like	Mus_musculus
Mus_musculus|Q8BKJ9|SIR7-like	Mus_musculus
Mus_musculus|Q8R104|SIR3-like	Mus_musculus
Mus_musculus|Q8R216|SIR4-like	Mus_musculus
Myxobolus_squamalis|KAF1743723.1|SIR2-like	Myxobolus_squamalis
Nematostella_vectensis|EDO31684.1|SIR1-like	Nematostella_vectensis
Nematostella_vectensis|EDO32517.1|SIR6-like	Nematostella_vectensis
Nematostella_vectensis|EDO46813.1|SIR2-like	Nematostella_vectensis
Nematostella_vectensis|EDO47672.1|SIR3-like	Nematostella_vectensis
Nematostella_vectensis|EDO48459.1|SIR2-like	Nematostella_vectensis
Nematostella_vectensis|XP_001627929.1|SIR4-like	Nematostella_vectensis
Nematostella_vectensis|XP_032220213.1|SIR5-like	Nematostella_vectensis
Orbicella_faveolata|XP_020602659.1|SIR4-like	Orbicella_faveolata
Orbicella_faveolata|XP_020603299.1|SIR5-like	Orbicella_faveolata
Orbicella_faveolata|XP_020605701.1|SIR3-like	Orbicella_faveolata
Orbicella_faveolata|XP_020605893.1|SIR2-like	Orbicella_faveolata
Orbicella_faveolata|XP_020607353.1|SIR7-like	Orbicella_faveolata
Orbicella_faveolata|XP_020631316.1|SIR1-like	Orbicella_faveolata
Orbicella_faveolata|XP_020631320.1|SIR1-like	Orbicella_faveolata
Oscarella_carmela|m.102278_g.102278|SIR5-like	Oscarella_carmela
Oscarella_carmela|m.10296_g.10296|SIR4-like	Oscarella_carmela
Oscarella_carmela|m.16056_g.16056|SIR7-like	Oscarella_carmela
Oscarella_carmela|m.20604_g.20604|SIR2-like	Oscarella_carmela
Oscarella_carmela|m.214358_g.214358|SIR1-like	Oscarella_carmela
Oscarella_carmela|m.310769_g.310769|SIR1-like	Oscarella_carmela
Oscarella_carmela|m.58799_g.58799|SIR1-like	Oscarella_carmela
Oscarella_carmela|m.66298_g.66298|SIR3-like	Oscarella_carmela
Oscarella_carmela|m.9609_g.9609|SIR1-like	Oscarella_carmela
Physeter_macrocephalus|A0A2Y9F427|SIR2-like	Physeter_macrocephalus
Physeter_macrocephalus|A0A2Y9FKI4|SIR7-like	Physeter_macrocephalus
Physeter_macrocephalus|A0A2Y9FW31|SIR4-like	Physeter_macrocephalus
Physeter_macrocephalus|A0A2Y9TA80|SIR1-like	Physeter_macrocephalus
Physeter_macrocephalus|A0A2Y9TL57|SIR6-like	Physeter_macrocephalus
Physeter_macrocephalus|A0A455ABI2|SIR2-like	Physeter_macrocephalus
Physeter_macrocephalus|A0A455AI97|SIR3-like	Physeter_macrocephalus
Physeter_macrocephalus|A0A455AUQ9|NOL7-like	Physeter_macrocephalus
Physeter_macrocephalus|A0A455B165|SIR3-like	Physeter_macrocephalus
Pleurobrachia_bachei|2643951|SIR2-like	Pleurobrachia_bachei
Pleurobrachia_bachei|2645081|SIR7-like	Pleurobrachia_bachei
Pleurobrachia_bachei|2650883|SIR2-like	Pleurobrachia_bachei
Pleurobrachia_bachei|2653035|SIR1-like	Pleurobrachia_bachei
Pleurobrachia_bachei|2653036|SIR1-like	Pleurobrachia_bachei
Pleurobrachia_bachei|2657814|SIR6-like	Pleurobrachia_bachei
Pleurobrachia_bachei|2658796|SIR3-like	Pleurobrachia_bachei
Pleurobrachia_bachei|2662086|SIR4-like	Pleurobrachia_bachei
Pleurobrachia_bachei|2664049|SIRT2-like	Pleurobrachia_bachei
Pleurobrachia_bachei|2664098|SIRT2-like	Pleurobrachia_bachei
Pocillopora_damicornis|RMX44192.1|SIR1-like	Pocillopora_damicornis
Pocillopora_damicornis|RMX45954.1|SIR2-like	Pocillopora_damicornis
Pocillopora_damicornis|RMX57446.1|SIR4-like	Pocillopora_damicornis
Pocillopora_damicornis|XP_027046210.1|SIR1-like	Pocillopora_damicornis
Pocillopora_damicornis|XP_027050465.1|SIR1-like	Pocillopora_damicornis
Pocillopora_damicornis|XP_027051970.1|SIR5-like	Pocillopora_damicornis
Pocillopora_damicornis|XP_027058842.1|SIR7-like	Pocillopora_damicornis
Puccinia_graminis|E3JQ55|HST4-like	Puccinia_graminis
Puccinia_graminis|E3KJ55|SIR4-like	Puccinia_graminis
Puccinia_graminis|E3KY50|SIR2-like	Puccinia_graminis
Rhizophagus_irregularis|A0A2H5R504|SIR5-like	Rhizophagus_irregularis
Rhizophagus_irregularis|A0A2H5T0W2|SIR1-like	Rhizophagus_irregularis
Rhizophagus_irregularis|A0A2H5T0W2|SIR1-like_-_DUF592	Rhizophagus_irregularis
Rhizophagus_irregularis|A0A2H5T140|SIR4-like	Rhizophagus_irregularis
Rhizophagus_irregularis|A0A2H5T341|HST3-like	Rhizophagus_irregularis
Rhizophagus_irregularis|A0A2H5T5N4|SIR2-like	Rhizophagus_irregularis
Rozella_allomycis|A0A075AV36|HST3-like	Rozella_allomycis
Saccharomyces_cerevisiae|P06700|SIR2-like	Saccharomyces_cerevisiae
Saccharomyces_cerevisiae|P06700|SIR2-like_-_DUF592	Saccharomyces_cerevisiae
Saccharomyces_cerevisiae|P53685|HST1-like	Saccharomyces_cerevisiae
Saccharomyces_cerevisiae|P53685|HST1-like_-_DUF592	Saccharomyces_cerevisiae
Saccharomyces_cerevisiae|P53686|HST2-like	Saccharomyces_cerevisiae
Salpingoeca_rosetta|XP_004989159.1|SIR4-like	Salpingoeca_rosetta
Salpingoeca_rosetta|XP_004991122.1|SIRT2-like	Salpingoeca_rosetta
Salpingoeca_rosetta|XP_004991725.1|SIR6-like	Salpingoeca_rosetta
Salpingoeca_rosetta|XP_004993416.1|SIR6-like	Salpingoeca_rosetta
Salpingoeca_rosetta|XP_004994060.1|SIRT1-like	Salpingoeca_rosetta
Schizosaccharomyces_pombe|O94640|SIR2-like	Schizosaccharomyces_pombe
Schizosaccharomyces_pombe|O94640|SIR2-like_-_DUF592	Schizosaccharomyces_pombe
Schizosaccharomyces_pombe|Q9USN7|HST2-like	Schizosaccharomyces_pombe
Sphaeroforma_arctica_JP610|XP_014149723.1|SIR4-like	Sphaeroforma_arctica_JP610
Sphaeroforma_arctica_JP610|XP_014151708.1|SIR2-like	Sphaeroforma_arctica_JP610
Sphaeroforma_arctica_JP610|XP_014152202.1|SIR2-like	Sphaeroforma_arctica_JP610
Sphaeroforma_arctica_JP610|XP_014152407.1|NPD2-like	Sphaeroforma_arctica_JP610
Sphaeroforma_arctica_JP610|XP_014153224.1|SIR5-like	Sphaeroforma_arctica_JP610
Sphaeroforma_arctica_JP610|XP_014157535.1|SIR2-like	Sphaeroforma_arctica_JP610
Spizellomyces_punctatus|A0A0L0H4V4|SIR4-like	Spizellomyces_punctatus
Spizellomyces_punctatus|A0A0L0H9S1|SIR1-like	Spizellomyces_punctatus
Spizellomyces_punctatus|A0A0L0HKL8|HST4-like	Spizellomyces_punctatus
Spizellomyces_punctatus|A0A0L0HPN6|SIR2-like	Spizellomyces_punctatus
Spizellomyces_punctatus|A0A0L0HTT9|HST3-like	Spizellomyces_punctatus
Stylissa_carteri|maker-SC_scaffold144383-augustus-gene-0.30-mRNA-1|SIR1-like	Stylissa_carteri
Stylissa_carteri|maker-SC_scaffold2306-augustus-gene-0.139-mRNA-1|SIR6-like	Stylissa_carteri
Stylissa_carteri|maker-SC_scaffold2848-snap-gene-0.24-mRNA-1|SIR1-like	Stylissa_carteri
Stylissa_carteri|maker-SC_scaffold3240-augustus-gene-0.61-mRNA-1|SIR5-like	Stylissa_carteri
Stylissa_carteri|maker-SC_scaffold5718-snap-gene-0.4-mRNA-1|SIR2-like	Stylissa_carteri
Stylissa_carteri|maker-SC_scaffold739-snap-gene-0.85-mRNA-1|SIR6-like	Stylissa_carteri
Stylissa_carteri|maker-SC_scaffold797-snap-gene-0.157-mRNA-1|SIR6-like	Stylissa_carteri
Stylissa_carteri|snap_masked-SC_scaffold12141-processed-gene-0.2-mRNA-1|SIR2-like	Stylissa_carteri
Stylissa_carteri|snap_masked-SC_scaffold2306-processed-gene-0.62-mRNA-1|SIR6-like	Stylissa_carteri
Stylophora_pistillata|PFX26008.1|SIR1-like	Stylophora_pistillata
Stylophora_pistillata|XP_022778949.1|SIR3-like	Stylophora_pistillata
Stylophora_pistillata|XP_022784120.1|SIR6-like	Stylophora_pistillata
Stylophora_pistillata|XP_022787591.1|SIR4-like	Stylophora_pistillata
Stylophora_pistillata|XP_022790004.1|SIR1-like	Stylophora_pistillata
Stylophora_pistillata|XP_022791312.1|SIR5-like	Stylophora_pistillata
Stylophora_pistillata|XP_022798495.1|SIR1-like	Stylophora_pistillata
Stylophora_pistillata|XP_022806417.1|SIR2-like	Stylophora_pistillata
Sycon_ciliatum|scpid30110.scgid23058|SIR4-like	Sycon_ciliatum
Sycon_ciliatum|scpid34155.scgid6944|SIR6-like	Sycon_ciliatum
Sycon_ciliatum|scpid35494.scgid1967|SIR3-like	Sycon_ciliatum
Sycon_ciliatum|scpid54149.scgid12450|SIR7-like	Sycon_ciliatum
Sycon_ciliatum|scpid85443.scgid2590|SIR2-like	Sycon_ciliatum
Trichoplax_adhaerens|XP_002108771.1|SIR3-like	Trichoplax_adhaerens
Trichoplax_adhaerens|XP_002108772.1|SIR3-like	Trichoplax_adhaerens
Trichoplax_adhaerens|XP_002110277.1|SIR6-like	Trichoplax_adhaerens
Trichoplax_adhaerens|XP_002111996.1|SIR5-like	Trichoplax_adhaerens
Trichoplax_adhaerens|XP_002113435.1|SIR2-like	Trichoplax_adhaerens
Trichoplax_adhaerens|XP_002113608.1|SIR2-like	Trichoplax_adhaerens
Trichoplax_adhaerens|XP_002114969.1|SIR4-like	Trichoplax_adhaerens
Trichoplax_sp_H2|RDD40343.1|SIR2-like	Trichoplax_sp_H2
Trichoplax_sp_H2|RDD40986.1|SIR4-like	Trichoplax_sp_H2
Trichoplax_sp_H2|RDD42035.1|SIR3-like	Trichoplax_sp_H2
Trichoplax_sp_H2|RDD42036.1|SIR3-like	Trichoplax_sp_H2
Trichoplax_sp_H2|RDD44172.1|SIR5-like	Trichoplax_sp_H2
Trichoplax_sp_H2|RDD44322.1|SIR2-like	Trichoplax_sp_H2
